distribution_id,jardin_id,tournee_id,depot_id,ordre
16,1,19,1,1
17,1,19,2,2
18,1,19,3,3
19,1,19,4,4
20,1,19,5,5
21,1,19,6,6
22,1,19,7,7
23,1,19,8,8
24,1,19,9,9
25,1,19,10,10
26,1,19,11,11
27,1,20,12,1
28,1,20,13,2
29,1,20,14,3
30,1,20,15,4
31,1,20,16,5
32,1,20,17,6
33,1,20,18,7
34,1,20,19,8
35,1,20,20,9
36,1,20,21,10
37,1,20,22,11
51,1,21,23,1
52,1,21,24,2
53,1,21,25,3
54,1,21,26,4
55,1,21,27,5
56,1,21,28,6
57,1,21,29,7
58,1,21,30,8
59,1,21,31,9
60,1,21,32,10
61,1,21,33,11
62,1,22,34,1
63,1,22,35,2
64,1,22,36,3
65,1,22,37,4
66,1,22,38,5
67,1,22,39,7
68,1,22,40,8
69,1,22,41,9
70,1,22,42,10
71,1,22,43,11
72,1,22,44,12
73,1,22,45,13
74,1,22,46,14
75,1,23,47,1
81,1,23,55,9
101,1,23,48,2
102,1,23,49,3
103,1,23,50,4
104,1,23,51,5
105,1,23,52,6
106,1,23,53,7
107,1,23,54,8
173,1,25,64,1
174,1,25,63,2
175,1,25,62,3
176,1,25,61,4
177,1,25,60,5
