
insert into adresses (adresse_id,jardin_id,adresse,codepostal,ville,localisation) values
	 (76,2,'1 rue Moncey','88460','Docelles','SRID=4326;POINT (6.6162166 48.1460719)'),
	 (65,2,'12 rue Armand Colle','88000','Épinal','SRID=4326;POINT (6.4489619 48.1604568)'),
	 (66,2,'15 rue Général de Reffye','88000','Épinal','SRID=4326;POINT (6.4323215 48.1819469)'),
	 (67,2,'6 avenue Salvador Allende','88000','Épinal','SRID=4326;POINT (6.4599403 48.1938105)'),
	 (68,2,'rue de la papeterie','88000','Dinozé','SRID=4326;POINT (6.4738942 48.1383687)'),
	 (69,2,'36 bis rue de la Plaine','88190','Golbey','SRID=4326;POINT (6.4426982 48.1929337)'),
	 (70,2,'avenue des Terres St Jean','88190','Golbey','SRID=4326;POINT (6.4692286 48.1891998)'),
	 (71,2,'17 rue André Vitu','88000','Épinal','SRID=4326;POINT (6.465403 48.1775685)'),
	 (72,2,'24 rue du Gal de Gaulle','88200','St Nabord','SRID=4326;POINT (6.5807814 48.0510352)'),
	 (73,2,'26 rue de la Joncherie','88200','Remiremont','SRID=4326;POINT (6.5934293 48.0189339)'),
	 (74,2,'6 Place C. Poncelet','88200','Remiremont','SRID=4326;POINT (6.5917178 48.0159918)'),
	 (75,2,'7 Rue du Savron','88220','Raon-aux-Bois','SRID=4326;POINT (6.5036466 48.0504027)'),
	 (77,2,'Prairie Claudel','88150','Thaon-les-Vosges','SRID=4326;POINT (6.427672 48.2531016)'),
	 (78,2,'15 rue Ste Barbe','88130','Charmes','SRID=4326;POINT (6.2951122 48.3777043)'),
	 (79,2,'15 rue du Maréchal Lyautey','88000','Épinal','SRID=4326;POINT (6.4457306 48.177777)'),
	 (80,2,'Zac Barbazan','88600','Bruyères','SRID=4326;POINT (6.7208371 48.2032056)'),
	 (81,2,'2 rue de Fraisne','88600','Bruyères','SRID=4326;POINT (6.7196903 48.2050495)'),
	 (82,2,'45 boulevard d''Alsace','88400','Gérardmer','SRID=4326;POINT (6.8763148 48.0738404)'),
	 (83,2,'24 route du Noirpré','88530','Le Tholy','SRID=4326;POINT (6.7477787 48.0812967)'),
	 (90,2,'9 rue de la Louvière','88000','Épinal','SRID=4326;POINT (6.4531588 48.1723212)');

insert into contacts (contact_id,jardin_id,contact,telephone,email) values
	(51,2,'Victoire Poullain','0657354798',NULL),
	(52,2,'Luca Zucchina','0796543210',NULL),
	(53,2,'Hüseyin Domates','0655824978',NULL),
	(54,2,'Hansy Krütt','0758465404',NULL),
	(55,2,'Michel Pommier','0605132057',NULL),
	(56,2,'Jean-Paul Bolet','0698132767',NULL),
	(57,2,'Jocelyne Courbet','0735484631',NULL),
	(58,2,'Élise Lavandeau','0744242298',NULL),
	(59,2,'Nadia Fasulya','0757354798',NULL),
	(60,2,'Laïla Jawahir','0693315474',NULL),
	(61,2,'Isabella Cetriolo','0678779318',NULL),
	(62,2,'Francesco Cipolla','0657933116',NULL),
	(63,2,'Edwige Galriawla','0761357339',NULL),
	(64,2,'Deniz Pirasa','0665189398',NULL),
	(65,2,'Zeynep Sogan','0757354798',NULL),
	(66,2,'Andrzej Pomidor','0758324898',NULL);


insert into fermetures (fermeture_id,jardin_id,saison_id,semaine) values
	 (7,2,6,1),
	 (8,2,6,51);

insert into frequences (frequence_id,jardin_id,frequence) values
	 (1,2,'hebdomadaire'),
	 (2,2,'15 jours'),
	 (3,2,'libre');

insert into calendriers (calendrier_id,jardin_id,calendrier) values
	 (1,2,'Livraison mardi'),
	 (2,2,'Livraison mercredi'),
	 (3,2,'Livraison vendredi'),
	 (4,2,'Livraison jeudi');

insert into depots (depot_id,jardin_id,depot,adresse_id,contact_id,capacite) values
	 (65,2,'Eglise Saint Antoine',65,NULL,40),
	 (66,2,'Ligue de l’enseignement',66,NULL,40),
	 (67,2,'Centre Léo Lagrange',67,NULL,60),
	 (68,2,'APF - Local extérieur – ESAT',68,NULL,20),
	 (69,2,'Ecodenn’ergie',69,NULL,20),
	 (70,2,'Botanic',70,NULL,20),
	 (71,2,'Chambre d’Agriculture',71,NULL,20),
	 (72,2,'Pharmacie Robert',72,NULL,20),
	 (73,2,'Association GACI',73,NULL,80),
	 (74,2,'Office du tourisme',74,NULL,20),
	 (75,2,'Raon aux Bois',75,NULL,20),
	 (76,2,'Mr et Mme Boulassel',76,NULL,20),
	 (77,2,'Jardins de Cocagne',77,NULL,100),
	 (78,2,'Madame Pierot',78,NULL,20),
	 (79,2,'3ème Rive Café Associatif',79,NULL,20),
	 (80,2,'Point Vert Mafra',80,NULL,20),
	 (81,2,'Brico Marché',81,NULL,20),
	 (82,2,'Pro & Cie',82,NULL,20),
	 (83,2,'M. Lecomte François',83,NULL,20),
	 (84,2,'Maison de l''Étudiant',90,NULL,20),
	 (85,2,'La Tête à Toto',NULL,NULL,20),
	 (86,2,'Jardins de Cocagne',NULL,NULL,100),
	 (95,2,'Secours Catholique',NULL,NULL,20),
	 (96,2,'Conseil Départemental des Vosges',NULL,NULL,20),
	 (97,2,'Association Rhyzome',NULL,NULL,20),
	 (98,2,'Denninger',NULL,NULL,20),
	 (99,2,'Crédit Agricole Épinal',NULL,NULL,20),
	 (100,2,'Adinolfi',NULL,NULL,20),
	 (101,2,'Papeterie Golbey Norske Skog',NULL,NULL,10),
	 (102,2,'Vosgelis (Épinal)',NULL,NULL,20);

insert into depots (depot_id,jardin_id,depot,adresse_id,contact_id,capacite) values
	 (103,2,'Vosgelis (Remiremont)',NULL,NULL,20),
	 (104,2,'Renouveau',NULL,NULL,20),
	 (105,2,'DVIS',NULL,NULL,20),
	 (106,2,'Maison de l''environnement',NULL,NULL,20),
	 (107,2,'Peridon',NULL,NULL,20),
	 (108,2,'Bouvier Emmanuel',NULL,NULL,10),
	 (109,2,'La Quarterelle',NULL,NULL,20),
	 (110,2,'Moustache Bikes',NULL,NULL,10),
	 (111,2,'Biocoop Épinal',NULL,NULL,20);

insert into tournees (tournee_id,jardin_id,tournee,preparation_id,calendrier_id,ordre,couleur) values
	 (1,2,'Mardi',1,1,1,'#ef476f'),
	 (2,2,'Mardi (Jardins)',1,1,2,'#038966'),
	 (3,2,'Mercredi matin',1,2,3,'#ffd166'),
	 (4,2,'Mercredi après-midi',1,2,4,'#06d6a0'),
	 (5,2,'Mercredi (Jardins)',1,2,6,'#073b4c'),
	 (6,2,'Jeudi (Salariés)',2,4,1,'#a2304b'),
	 (7,2,'Vendredi (Épinal)',2,3,3,'#b29247'),
	 (8,2,'Vendredi (Jardins)',2,3,6,'#07ffbe'),
	 (9,2,'Jeudi (Charmes)',2,4,2,'#094e65'),
	 (10,2,'Vendredi (Gérardmer)',2,3,4,'#000000'),
	 (11,2,'Mercredi (Ent.)',1,2,5,'#118ab2'),
	 (12,2,'Vendredi (Ent.)',2,3,5,'#ff4b5e');

insert into produits (produit_id,jardin_id,produit) values
	 (1,2,'Panier simple'),
	 (2,2,'Panier familial'),
	 (3,2,'Boite oeuf x6'),
	 (4,2,'Panier fruité 1'),
	 (5,2,'Panier fruité 2'),
	 (6,2,'Panier fruité 3'),
	 (7,2,'Boite oeuf x12');

insert into paniers (panier_id,produit_id,panier,frequence_id,quantite,prix) values
	 (1,1,'Panier simple',1,50,624.00),
	 (2,1,'Panier simple 15',2,25,366.00),
	 (3,2,'Panier familial',1,50,1074.00),
	 (4,2,'Panier familial 15',2,25,600.00),
	 (5,1,'Panier soutien simple',3,12,108.00),
	 (6,2,'Panier soutien familial',3,12,194.00),
	 (7,4,'Panier fruité 1',3,NULL,13.00),
	 (8,5,'Panier fruité 2',3,NULL,16.00),
	 (9,6,'Panier fruité 3',3,NULL,21.00),
	 (11,3,'Boite oeuf x6',3,NULL,2.85),
	 (12,7,'Boite oeuf x12',3,NULL,5.50);

insert into modes_paiement (mode_paiement_id,mode_paiement,nombre) values
	 (1,'chèque',1),
	 (2,'chèque',2),
	 (3,'chèque',3),
	 (4,'chèque',4),
	 (5,'chèque',6),
	 (6,'chèque',12),
	 (7,'prélèvement',1),
	 (8,'prélèvement',2),
	 (9,'prélèvement',3),
	 (10,'prélèvement',4),
	 (11,'prélèvement',6),
	 (12,'prélèvement',12),
	 (1,'chèque',1),
	 (2,'chèque',2),
	 (3,'chèque',3),
	 (4,'chèque',4),
	 (5,'chèque',6),
	 (6,'chèque',12),
	 (7,'prélèvement',1),
	 (8,'prélèvement',2),
	 (9,'prélèvement',3),
	 (10,'prélèvement',4),
	 (11,'prélèvement',6),
	 (12,'prélèvement',12),
	 (1,'chèque',1),
	 (2,'chèque',2),
	 (3,'chèque',3),
	 (4,'chèque',4),
	 (5,'chèque',6),
	 (6,'chèque',12);

insert into modes_paiement (mode_paiement_id,mode_paiement,nombre) values
	 (7,'prélèvement',1),
	 (8,'prélèvement',2),
	 (9,'prélèvement',3),
	 (10,'prélèvement',4),
	 (11,'prélèvement',6),
	 (12,'prélèvement',12),
	 (1,'chèque',1),
	 (2,'chèque',2),
	 (3,'chèque',3),
	 (4,'chèque',4),
	 (5,'chèque',6),
	 (6,'chèque',12),
	 (7,'prélèvement',1),
	 (8,'prélèvement',2),
	 (9,'prélèvement',3),
	 (10,'prélèvement',4),
	 (11,'prélèvement',6),
	 (12,'prélèvement',12);

insert into distributions (distribution_id,jardin_id,tournee_id,depot_id,ordre) values
	 (1,2,1,70,1),
	 (2,2,1,84,2),
	 (3,2,1,65,5),
	 (4,2,1,68,6),
	 (5,2,1,66,7),
	 (6,2,1,67,9),
	 (7,2,2,77,1),
	 (8,2,3,67,1),
	 (9,2,3,71,2),
	 (10,2,3,65,3),
	 (11,2,3,66,4),
	 (12,2,1,96,4),
	 (13,2,1,97,3),
	 (14,2,1,98,8),
	 (15,2,1,104,10),
	 (38,2,3,98,5),
	 (39,2,3,105,6),
	 (40,2,3,106,8),
	 (41,2,3,99,9),
	 (42,2,4,70,1),
	 (43,2,4,72,3),
	 (44,2,4,73,2),
	 (45,2,4,103,4),
	 (46,2,4,74,5),
	 (47,2,4,107,6),
	 (48,2,4,108,7),
	 (49,2,4,76,8),
	 (50,2,4,109,9),
	 (76,2,6,77,1),
	 (77,2,5,110,2);

insert into distributions (distribution_id,jardin_id,tournee_id,depot_id,ordre) values
	 (78,2,8,78,1),
	 (79,2,8,95,2),
	 (80,2,9,98,1),
	 (82,2,9,65,2),
	 (83,2,9,102,3),
	 (84,2,9,100,4),
	 (85,2,9,66,5),
	 (86,2,9,111,6),
	 (87,2,9,79,7),
	 (88,2,9,106,8),
	 (89,2,9,67,9),
	 (90,2,9,70,10),
	 (91,2,9,85,11),
	 (92,2,10,81,1),
	 (93,2,10,82,3),
	 (94,2,10,80,2),
	 (95,2,10,83,4),
	 (96,2,5,101,1),
	 (97,2,11,101,1),
	 (98,2,11,110,2),
	 (99,2,7,77,1),
	 (100,2,12,86,1);

insert into plannings (planning_id,frequence_id,calendrier_id,jour,quantite) values
	 (1201,1,1,'2025-01-09',1),
	 (1202,1,1,'2025-01-16',1),
	 (1203,1,1,'2025-01-23',1),
	 (1204,1,1,'2025-01-30',1),
	 (1205,1,1,'2025-02-06',1),
	 (1206,1,1,'2025-02-13',1),
	 (1207,1,1,'2025-02-20',1),
	 (1208,1,1,'2025-02-27',1),
	 (1209,1,1,'2025-03-05',1),
	 (1210,1,1,'2025-03-12',1),
	 (1211,1,1,'2025-03-19',1),
	 (1212,1,1,'2025-03-26',1),
	 (1213,1,1,'2025-04-02',1),
	 (1214,1,1,'2025-04-09',1),
	 (1215,1,1,'2025-04-16',1),
	 (1216,1,1,'2025-04-23',1),
	 (1217,1,1,'2025-04-30',1),
	 (1218,1,1,'2025-05-07',1),
	 (1219,1,1,'2025-05-14',1),
	 (1220,1,1,'2025-05-21',1),
	 (1221,1,1,'2025-05-28',1),
	 (1222,1,1,'2025-06-04',1),
	 (1223,1,1,'2025-06-11',1),
	 (1224,1,1,'2025-06-18',1),
	 (1225,1,1,'2025-06-25',1),
	 (1226,1,1,'2025-07-02',1),
	 (1227,1,1,'2025-07-09',1),
	 (1228,1,1,'2025-07-16',1),
	 (1229,1,1,'2025-07-23',1),
	 (1230,1,1,'2025-07-30',1);

insert into plannings (planning_id,frequence_id,calendrier_id,jour,quantite) values
	 (1231,1,1,'2025-08-06',1),
	 (1232,1,1,'2025-08-13',1),
	 (1233,1,1,'2025-08-20',1),
	 (1234,1,1,'2025-08-27',1),
	 (1235,1,1,'2025-09-03',1),
	 (1236,1,1,'2025-09-10',1),
	 (1237,1,1,'2025-09-17',1),
	 (1238,1,1,'2025-09-24',1),
	 (1239,1,1,'2025-10-01',1),
	 (1240,1,1,'2025-10-08',1),
	 (1241,1,1,'2025-10-15',1),
	 (1242,1,1,'2025-10-22',1),
	 (1243,1,1,'2025-10-29',1),
	 (1244,1,1,'2025-11-05',1),
	 (1245,1,1,'2025-11-12',1),
	 (1246,1,1,'2025-11-19',1),
	 (1247,1,1,'2025-11-26',1),
	 (1248,1,1,'2025-12-03',1),
	 (1249,1,1,'2025-12-10',1),
	 (1250,1,1,'2025-12-17',1),
	 (1251,3,1,'2025-01-09',0),
	 (1252,3,1,'2025-01-16',0),
	 (1253,3,1,'2025-01-23',0),
	 (1254,3,1,'2025-01-30',0),
	 (1255,3,1,'2025-02-06',0),
	 (1256,3,1,'2025-02-13',0),
	 (1257,3,1,'2025-02-20',0),
	 (1258,3,1,'2025-02-27',0),
	 (1259,3,1,'2025-03-05',0),
	 (1260,3,1,'2025-03-12',0);

insert into plannings (planning_id,frequence_id,calendrier_id,jour,quantite) values
	 (1261,3,1,'2025-03-19',0),
	 (1262,3,1,'2025-03-26',0),
	 (1263,3,1,'2025-04-02',0),
	 (1264,3,1,'2025-04-09',0),
	 (1265,3,1,'2025-04-16',0),
	 (1266,3,1,'2025-04-23',0),
	 (1267,3,1,'2025-04-30',0),
	 (1268,3,1,'2025-05-07',0),
	 (1269,3,1,'2025-05-14',0),
	 (1270,3,1,'2025-05-21',0),
	 (1271,3,1,'2025-05-28',0),
	 (1272,3,1,'2025-06-04',0),
	 (1273,3,1,'2025-06-11',0),
	 (1274,3,1,'2025-06-18',0),
	 (1275,3,1,'2025-06-25',0),
	 (1276,3,1,'2025-07-02',0),
	 (1277,3,1,'2025-07-09',0),
	 (1278,3,1,'2025-07-16',0),
	 (1279,3,1,'2025-07-23',0),
	 (1280,3,1,'2025-07-30',0),
	 (1281,3,1,'2025-08-06',0),
	 (1282,3,1,'2025-08-13',0),
	 (1283,3,1,'2025-08-20',0),
	 (1284,3,1,'2025-08-27',0),
	 (1285,3,1,'2025-09-03',0),
	 (1286,3,1,'2025-09-10',0),
	 (1287,3,1,'2025-09-17',0),
	 (1288,3,1,'2025-09-24',0),
	 (1289,3,1,'2025-10-01',0),
	 (1290,3,1,'2025-10-08',0);

insert into plannings (planning_id,frequence_id,calendrier_id,jour,quantite) values
	 (1291,3,1,'2025-10-15',0),
	 (1292,3,1,'2025-10-22',0),
	 (1293,3,1,'2025-10-29',0),
	 (1294,3,1,'2025-11-05',0),
	 (1295,3,1,'2025-11-12',0),
	 (1296,3,1,'2025-11-19',0),
	 (1297,3,1,'2025-11-26',0),
	 (1298,3,1,'2025-12-03',0),
	 (1299,3,1,'2025-12-10',0),
	 (1300,3,1,'2025-12-17',0),
	 (1301,2,1,'2025-01-09',1),
	 (1302,2,1,'2025-01-16',0),
	 (1303,2,1,'2025-01-23',1),
	 (1304,2,1,'2025-01-30',0),
	 (1305,2,1,'2025-02-06',0),
	 (1306,2,1,'2025-02-13',1),
	 (1307,2,1,'2025-02-20',0),
	 (1308,2,1,'2025-02-27',1),
	 (1309,2,1,'2025-03-05',0),
	 (1310,2,1,'2025-03-12',1),
	 (1311,2,1,'2025-03-19',0),
	 (1312,2,1,'2025-03-26',1),
	 (1313,2,1,'2025-04-02',0),
	 (1314,2,1,'2025-04-09',1),
	 (1315,2,1,'2025-04-16',0),
	 (1316,2,1,'2025-04-23',1),
	 (1317,2,1,'2025-04-30',0),
	 (1318,2,1,'2025-05-07',1),
	 (1319,2,1,'2025-05-14',0),
	 (1320,2,1,'2025-05-21',1);

insert into plannings (planning_id,frequence_id,calendrier_id,jour,quantite) values
	 (1321,2,1,'2025-05-28',0),
	 (1322,2,1,'2025-06-04',0),
	 (1323,2,1,'2025-06-11',1),
	 (1324,2,1,'2025-06-18',0),
	 (1325,2,1,'2025-06-25',1),
	 (1326,2,1,'2025-07-02',0),
	 (1327,2,1,'2025-07-09',1),
	 (1328,2,1,'2025-07-16',0),
	 (1329,2,1,'2025-07-23',1),
	 (1330,2,1,'2025-07-30',0),
	 (1331,2,1,'2025-08-06',1),
	 (1332,2,1,'2025-08-13',0),
	 (1333,2,1,'2025-08-20',1),
	 (1334,2,1,'2025-08-27',0),
	 (1335,2,1,'2025-09-03',1),
	 (1336,2,1,'2025-09-10',0),
	 (1337,2,1,'2025-09-17',1),
	 (1338,2,1,'2025-09-24',0),
	 (1339,2,1,'2025-10-01',1),
	 (1340,2,1,'2025-10-08',0),
	 (1341,2,1,'2025-10-15',1),
	 (1342,2,1,'2025-10-22',0),
	 (1343,2,1,'2025-10-29',1),
	 (1344,2,1,'2025-11-05',0),
	 (1345,2,1,'2025-11-12',1),
	 (1346,2,1,'2025-11-19',0),
	 (1347,2,1,'2025-11-26',1),
	 (1348,2,1,'2025-12-03',0),
	 (1349,2,1,'2025-12-10',1),
	 (1350,2,1,'2025-12-17',1);

insert into plannings (planning_id,frequence_id,calendrier_id,jour,quantite) values
	 (1351,1,2,'2025-01-10',1),
	 (1352,1,2,'2025-01-17',1),
	 (1353,1,2,'2025-01-24',1),
	 (1354,1,2,'2025-01-31',1),
	 (1355,1,2,'2025-02-07',1),
	 (1356,1,2,'2025-02-14',1),
	 (1357,1,2,'2025-02-21',1),
	 (1358,1,2,'2025-02-28',1),
	 (1359,1,2,'2025-03-06',1),
	 (1360,1,2,'2025-03-13',1),
	 (1361,1,2,'2025-03-20',1),
	 (1362,1,2,'2025-03-27',1),
	 (1363,1,2,'2025-04-03',1),
	 (1364,1,2,'2025-04-10',1),
	 (1365,1,2,'2025-04-17',1),
	 (1366,1,2,'2025-04-24',1),
	 (1367,1,2,'2025-05-01',1),
	 (1368,1,2,'2025-05-08',1),
	 (1369,1,2,'2025-05-15',1),
	 (1370,1,2,'2025-05-22',1),
	 (1371,1,2,'2025-05-29',1),
	 (1372,1,2,'2025-06-05',1),
	 (1373,1,2,'2025-06-12',1),
	 (1374,1,2,'2025-06-19',1),
	 (1375,1,2,'2025-06-26',1),
	 (1376,1,2,'2025-07-03',1),
	 (1377,1,2,'2025-07-10',1),
	 (1378,1,2,'2025-07-17',1),
	 (1379,1,2,'2025-07-24',1),
	 (1380,1,2,'2025-07-31',1);

insert into plannings (planning_id,frequence_id,calendrier_id,jour,quantite) values
	 (1381,1,2,'2025-08-07',1),
	 (1382,1,2,'2025-08-14',1),
	 (1383,1,2,'2025-08-21',1),
	 (1384,1,2,'2025-08-28',1),
	 (1385,1,2,'2025-09-04',1),
	 (1386,1,2,'2025-09-11',1),
	 (1387,1,2,'2025-09-18',1),
	 (1388,1,2,'2025-09-25',1),
	 (1389,1,2,'2025-10-02',1),
	 (1390,1,2,'2025-10-09',1),
	 (1391,1,2,'2025-10-16',1),
	 (1392,1,2,'2025-10-23',1),
	 (1393,1,2,'2025-10-30',1),
	 (1394,1,2,'2025-11-06',1),
	 (1395,1,2,'2025-11-13',1),
	 (1396,1,2,'2025-11-20',1),
	 (1397,1,2,'2025-11-27',1),
	 (1398,1,2,'2025-12-04',1),
	 (1399,1,2,'2025-12-11',1),
	 (1400,1,2,'2025-12-18',1),
	 (1401,3,2,'2025-01-10',0),
	 (1402,3,2,'2025-01-17',0),
	 (1403,3,2,'2025-01-24',0),
	 (1404,3,2,'2025-01-31',0),
	 (1405,3,2,'2025-02-07',0),
	 (1406,3,2,'2025-02-14',0),
	 (1407,3,2,'2025-02-21',0),
	 (1408,3,2,'2025-02-28',0),
	 (1409,3,2,'2025-03-06',0),
	 (1410,3,2,'2025-03-13',0);


insert into plannings (planning_id,frequence_id,calendrier_id,jour,quantite) values
	 (1411,3,2,'2025-03-20',0),
	 (1412,3,2,'2025-03-27',0),
	 (1413,3,2,'2025-04-03',0),
	 (1414,3,2,'2025-04-10',0),
	 (1415,3,2,'2025-04-17',0),
	 (1416,3,2,'2025-04-24',0),
	 (1417,3,2,'2025-05-01',0),
	 (1418,3,2,'2025-05-08',0),
	 (1419,3,2,'2025-05-15',0),
	 (1420,3,2,'2025-05-22',0),
	 (1421,3,2,'2025-05-29',0),
	 (1422,3,2,'2025-06-05',0),
	 (1423,3,2,'2025-06-12',0),
	 (1424,3,2,'2025-06-19',0),
	 (1425,3,2,'2025-06-26',0),
	 (1426,3,2,'2025-07-03',0),
	 (1427,3,2,'2025-07-10',0),
	 (1428,3,2,'2025-07-17',0),
	 (1429,3,2,'2025-07-24',0),
	 (1430,3,2,'2025-07-31',0),
	 (1431,3,2,'2025-08-07',0),
	 (1432,3,2,'2025-08-14',0),
	 (1433,3,2,'2025-08-21',0),
	 (1434,3,2,'2025-08-28',0),
	 (1435,3,2,'2025-09-04',0),
	 (1436,3,2,'2025-09-11',0),
	 (1437,3,2,'2025-09-18',0),
	 (1438,3,2,'2025-09-25',0),
	 (1439,3,2,'2025-10-02',0),
	 (1440,3,2,'2025-10-09',0);

insert into plannings (planning_id,frequence_id,calendrier_id,jour,quantite) values
	 (1441,3,2,'2025-10-16',0),
	 (1442,3,2,'2025-10-23',0),
	 (1443,3,2,'2025-10-30',0),
	 (1444,3,2,'2025-11-06',0),
	 (1445,3,2,'2025-11-13',0),
	 (1446,3,2,'2025-11-20',0),
	 (1447,3,2,'2025-11-27',0),
	 (1448,3,2,'2025-12-04',0),
	 (1449,3,2,'2025-12-11',0),
	 (1450,3,2,'2025-12-18',0),
	 (1451,2,2,'2025-01-10',1),
	 (1452,2,2,'2025-01-17',0),
	 (1453,2,2,'2025-01-24',1),
	 (1454,2,2,'2025-01-31',0),
	 (1455,2,2,'2025-02-07',1),
	 (1456,2,2,'2025-02-14',0),
	 (1457,2,2,'2025-02-21',1),
	 (1458,2,2,'2025-02-28',0),
	 (1459,2,2,'2025-03-06',1),
	 (1460,2,2,'2025-03-13',0),
	 (1461,2,2,'2025-03-20',1),
	 (1462,2,2,'2025-03-27',0),
	 (1463,2,2,'2025-04-03',0),
	 (1464,2,2,'2025-04-10',1),
	 (1465,2,2,'2025-04-17',0),
	 (1466,2,2,'2025-04-24',1),
	 (1467,2,2,'2025-05-01',0),
	 (1468,2,2,'2025-05-08',1),
	 (1469,2,2,'2025-05-15',0),
	 (1470,2,2,'2025-05-22',1);
insert into plannings (planning_id,frequence_id,calendrier_id,jour,quantite) values
	 (1471,2,2,'2025-05-29',0),
	 (1472,2,2,'2025-06-05',0),
	 (1473,2,2,'2025-06-12',1),
	 (1474,2,2,'2025-06-19',0),
	 (1475,2,2,'2025-06-26',1),
	 (1476,2,2,'2025-07-03',0),
	 (1477,2,2,'2025-07-10',1),
	 (1478,2,2,'2025-07-17',0),
	 (1479,2,2,'2025-07-24',1),
	 (1480,2,2,'2025-07-31',0),
	 (1481,2,2,'2025-08-07',1),
	 (1482,2,2,'2025-08-14',0),
	 (1483,2,2,'2025-08-21',1),
	 (1484,2,2,'2025-08-28',0),
	 (1485,2,2,'2025-09-04',1),
	 (1486,2,2,'2025-09-11',0),
	 (1487,2,2,'2025-09-18',1),
	 (1488,2,2,'2025-09-25',0),
	 (1489,2,2,'2025-10-02',1),
	 (1490,2,2,'2025-10-09',0),
	 (1491,2,2,'2025-10-16',1),
	 (1492,2,2,'2025-10-23',0),
	 (1493,2,2,'2025-10-30',1),
	 (1494,2,2,'2025-11-06',0),
	 (1495,2,2,'2025-11-13',1),
	 (1496,2,2,'2025-11-20',0),
	 (1497,2,2,'2025-11-27',1),
	 (1498,2,2,'2025-12-04',0),
	 (1499,2,2,'2025-12-11',1),
	 (1500,2,2,'2025-12-18',1);
insert into plannings (planning_id,frequence_id,calendrier_id,jour,quantite) values
	 (1501,1,3,'2025-01-12',1),
	 (1502,1,3,'2025-01-19',1),
	 (1503,1,3,'2025-01-26',1),
	 (1504,1,3,'2025-02-02',1),
	 (1505,1,3,'2025-02-09',1),
	 (1506,1,3,'2025-02-16',1),
	 (1507,1,3,'2025-02-23',1),
	 (1508,1,3,'2025-03-01',1),
	 (1509,1,3,'2025-03-08',1),
	 (1510,1,3,'2025-03-15',1),
	 (1511,1,3,'2025-03-22',1),
	 (1512,1,3,'2025-03-29',1),
	 (1513,1,3,'2025-04-05',1),
	 (1514,1,3,'2025-04-12',1),
	 (1515,1,3,'2025-04-19',1),
	 (1516,1,3,'2025-04-26',1),
	 (1517,1,3,'2025-05-03',1),
	 (1518,1,3,'2025-05-10',1),
	 (1519,1,3,'2025-05-17',1),
	 (1520,1,3,'2025-05-24',1),
	 (1521,1,3,'2025-05-31',1),
	 (1522,1,3,'2025-06-07',1),
	 (1523,1,3,'2025-06-14',1),
	 (1524,1,3,'2025-06-21',1),
	 (1525,1,3,'2025-06-28',1),
	 (1526,1,3,'2025-07-05',1),
	 (1527,1,3,'2025-07-12',1),
	 (1528,1,3,'2025-07-19',1),
	 (1529,1,3,'2025-07-26',1),
	 (1530,1,3,'2025-08-02',1);
insert into plannings (planning_id,frequence_id,calendrier_id,jour,quantite) values
	 (1531,1,3,'2025-08-09',1),
	 (1532,1,3,'2025-08-16',1),
	 (1533,1,3,'2025-08-23',1),
	 (1534,1,3,'2025-08-30',1),
	 (1535,1,3,'2025-09-06',1),
	 (1536,1,3,'2025-09-13',1),
	 (1537,1,3,'2025-09-20',1),
	 (1538,1,3,'2025-09-27',1),
	 (1539,1,3,'2025-10-04',1),
	 (1540,1,3,'2025-10-11',1),
	 (1541,1,3,'2025-10-18',1),
	 (1542,1,3,'2025-10-25',1),
	 (1543,1,3,'2025-11-01',1),
	 (1544,1,3,'2025-11-08',1),
	 (1545,1,3,'2025-11-15',1),
	 (1546,1,3,'2025-11-22',1),
	 (1547,1,3,'2025-11-29',1),
	 (1548,1,3,'2025-12-06',1),
	 (1549,1,3,'2025-12-13',1),
	 (1550,1,3,'2025-12-20',1),
	 (1551,3,3,'2025-01-12',0),
	 (1552,3,3,'2025-01-19',0),
	 (1553,3,3,'2025-01-26',0),
	 (1554,3,3,'2025-02-02',0),
	 (1555,3,3,'2025-02-09',0),
	 (1556,3,3,'2025-02-16',0),
	 (1557,3,3,'2025-02-23',0),
	 (1558,3,3,'2025-03-01',0),
	 (1559,3,3,'2025-03-08',0),
	 (1560,3,3,'2025-03-15',0);
insert into plannings (planning_id,frequence_id,calendrier_id,jour,quantite) values
	 (1561,3,3,'2025-03-22',0),
	 (1562,3,3,'2025-03-29',0),
	 (1563,3,3,'2025-04-05',0),
	 (1564,3,3,'2025-04-12',0),
	 (1565,3,3,'2025-04-19',0),
	 (1566,3,3,'2025-04-26',0),
	 (1567,3,3,'2025-05-03',0),
	 (1568,3,3,'2025-05-10',0),
	 (1569,3,3,'2025-05-17',0),
	 (1570,3,3,'2025-05-24',0),
	 (1571,3,3,'2025-05-31',0),
	 (1572,3,3,'2025-06-07',0),
	 (1573,3,3,'2025-06-14',0),
	 (1574,3,3,'2025-06-21',0),
	 (1575,3,3,'2025-06-28',0),
	 (1576,3,3,'2025-07-05',0),
	 (1577,3,3,'2025-07-12',0),
	 (1578,3,3,'2025-07-19',0),
	 (1579,3,3,'2025-07-26',0),
	 (1580,3,3,'2025-08-02',0),
	 (1581,3,3,'2025-08-09',0),
	 (1582,3,3,'2025-08-16',0),
	 (1583,3,3,'2025-08-23',0),
	 (1584,3,3,'2025-08-30',0),
	 (1585,3,3,'2025-09-06',0),
	 (1586,3,3,'2025-09-13',0),
	 (1587,3,3,'2025-09-20',0),
	 (1588,3,3,'2025-09-27',0),
	 (1589,3,3,'2025-10-04',0),
	 (1590,3,3,'2025-10-11',0);
insert into plannings (planning_id,frequence_id,calendrier_id,jour,quantite) values
	 (1591,3,3,'2025-10-18',0),
	 (1592,3,3,'2025-10-25',0),
	 (1593,3,3,'2025-11-01',0),
	 (1594,3,3,'2025-11-08',0),
	 (1595,3,3,'2025-11-15',0),
	 (1596,3,3,'2025-11-22',0),
	 (1597,3,3,'2025-11-29',0),
	 (1598,3,3,'2025-12-06',0),
	 (1599,3,3,'2025-12-13',0),
	 (1600,3,3,'2025-12-20',0),
	 (1601,2,3,'2025-01-12',1),
	 (1602,2,3,'2025-01-19',0),
	 (1603,2,3,'2025-01-26',1),
	 (1604,2,3,'2025-02-02',0),
	 (1605,2,3,'2025-02-09',1),
	 (1606,2,3,'2025-02-16',0),
	 (1607,2,3,'2025-02-23',1),
	 (1608,2,3,'2025-03-01',0),
	 (1609,2,3,'2025-03-08',1),
	 (1610,2,3,'2025-03-15',0),
	 (1611,2,3,'2025-03-22',1),
	 (1612,2,3,'2025-03-29',0),
	 (1613,2,3,'2025-04-05',0),
	 (1614,2,3,'2025-04-12',1),
	 (1615,2,3,'2025-04-19',0),
	 (1616,2,3,'2025-04-26',1),
	 (1617,2,3,'2025-05-03',0),
	 (1618,2,3,'2025-05-10',1),
	 (1619,2,3,'2025-05-17',0),
	 (1620,2,3,'2025-05-24',1);
insert into plannings (planning_id,frequence_id,calendrier_id,jour,quantite) values
	 (1621,2,3,'2025-05-31',0),
	 (1622,2,3,'2025-06-07',1),
	 (1623,2,3,'2025-06-14',0),
	 (1624,2,3,'2025-06-21',1),
	 (1625,2,3,'2025-06-28',0),
	 (1626,2,3,'2025-07-05',1),
	 (1627,2,3,'2025-07-12',0),
	 (1628,2,3,'2025-07-19',1),
	 (1629,2,3,'2025-07-26',0),
	 (1630,2,3,'2025-08-02',1),
	 (1631,2,3,'2025-08-09',0),
	 (1632,2,3,'2025-08-16',1),
	 (1633,2,3,'2025-08-23',0),
	 (1634,2,3,'2025-08-30',1),
	 (1635,2,3,'2025-09-06',0),
	 (1636,2,3,'2025-09-13',1),
	 (1637,2,3,'2025-09-20',0),
	 (1638,2,3,'2025-09-27',1),
	 (1639,2,3,'2025-10-04',0),
	 (1640,2,3,'2025-10-11',1),
	 (1641,2,3,'2025-10-18',0),
	 (1642,2,3,'2025-10-25',1),
	 (1643,2,3,'2025-11-01',0),
	 (1644,2,3,'2025-11-08',1),
	 (1645,2,3,'2025-11-15',0),
	 (1646,2,3,'2025-11-22',1),
	 (1647,2,3,'2025-11-29',0),
	 (1648,2,3,'2025-12-06',1),
	 (1649,2,3,'2025-12-13',0),
	 (1650,2,3,'2025-12-20',1);
insert into plannings (planning_id,frequence_id,calendrier_id,jour,quantite) values
	 (1651,2,4,'2025-01-11',0),
	 (1652,2,4,'2025-01-18',1),
	 (1653,2,4,'2025-01-25',0),
	 (1654,2,4,'2025-02-01',1),
	 (1655,2,4,'2025-02-08',0),
	 (1656,2,4,'2025-02-15',1),
	 (1657,2,4,'2025-02-22',0),
	 (1659,2,4,'2025-03-07',0),
	 (1660,2,4,'2025-03-14',1),
	 (1661,2,4,'2025-03-21',0),
	 (1662,2,4,'2025-03-28',1),
	 (1663,2,4,'2025-04-04',0),
	 (1664,2,4,'2025-04-11',1),
	 (1665,2,4,'2025-04-18',0),
	 (1666,2,4,'2025-04-25',1),
	 (1667,2,4,'2025-05-02',0),
	 (1668,2,4,'2025-05-09',1),
	 (1669,2,4,'2025-05-16',0),
	 (1670,2,4,'2025-05-23',1),
	 (1671,2,4,'2025-05-30',0),
	 (1672,2,4,'2025-06-06',1),
	 (1673,2,4,'2025-06-13',0),
	 (1674,2,4,'2025-06-20',1),
	 (1675,2,4,'2025-06-27',0),
	 (1676,2,4,'2025-07-04',1),
	 (1677,2,4,'2025-07-11',0),
	 (1678,2,4,'2025-07-18',1),
	 (1679,2,4,'2025-07-25',0),
	 (1680,2,4,'2025-08-01',1);
insert into plannings (planning_id,frequence_id,calendrier_id,jour,quantite) values
	 (1681,2,4,'2025-08-08',0),
	 (1682,2,4,'2025-08-15',1),
	 (1683,2,4,'2025-08-22',0),
	 (1684,2,4,'2025-08-29',1),
	 (1685,2,4,'2025-09-05',0),
	 (1686,2,4,'2025-09-12',1),
	 (1687,2,4,'2025-09-19',0),
	 (1688,2,4,'2025-09-26',1),
	 (1689,2,4,'2025-10-03',0),
	 (1690,2,4,'2025-10-10',1),
	 (1691,2,4,'2025-10-17',0),
	 (1692,2,4,'2025-10-24',1),
	 (1693,2,4,'2025-10-31',0),
	 (1694,2,4,'2025-11-07',1),
	 (1695,2,4,'2025-11-14',0),
	 (1696,2,4,'2025-11-21',1),
	 (1697,2,4,'2025-11-28',0),
	 (1698,2,4,'2025-12-05',1),
	 (1699,2,4,'2025-12-12',0),
	 (1700,2,4,'2025-12-19',1),
	 (1701,3,4,'2025-01-11',0),
	 (1702,3,4,'2025-01-18',0),
	 (1703,3,4,'2025-01-25',0),
	 (1704,3,4,'2025-02-01',0),
	 (1705,3,4,'2025-02-08',0),
	 (1706,3,4,'2025-02-15',0),
	 (1707,3,4,'2025-02-22',0),
	 (1709,3,4,'2025-03-07',0),
	 (1710,3,4,'2025-03-14',0);
insert into plannings (planning_id,frequence_id,calendrier_id,jour,quantite) values
	 (1711,3,4,'2025-03-21',0),
	 (1712,3,4,'2025-03-28',0),
	 (1713,3,4,'2025-04-04',0),
	 (1714,3,4,'2025-04-11',0),
	 (1715,3,4,'2025-04-18',0),
	 (1716,3,4,'2025-04-25',0),
	 (1717,3,4,'2025-05-02',0),
	 (1718,3,4,'2025-05-09',0),
	 (1719,3,4,'2025-05-16',0),
	 (1720,3,4,'2025-05-23',0),
	 (1721,3,4,'2025-05-30',0),
	 (1722,3,4,'2025-06-06',0),
	 (1723,3,4,'2025-06-13',0),
	 (1724,3,4,'2025-06-20',0),
	 (1725,3,4,'2025-06-27',0),
	 (1726,3,4,'2025-07-04',0),
	 (1727,3,4,'2025-07-11',0),
	 (1728,3,4,'2025-07-18',0),
	 (1729,3,4,'2025-07-25',0),
	 (1730,3,4,'2025-08-01',0),
	 (1731,3,4,'2025-08-08',0),
	 (1732,3,4,'2025-08-15',0),
	 (1733,3,4,'2025-08-22',0),
	 (1734,3,4,'2025-08-29',0),
	 (1735,3,4,'2025-09-05',0),
	 (1736,3,4,'2025-09-12',0),
	 (1737,3,4,'2025-09-19',0),
	 (1738,3,4,'2025-09-26',0),
	 (1739,3,4,'2025-10-03',0),
	 (1740,3,4,'2025-10-10',0);
insert into plannings (planning_id,frequence_id,calendrier_id,jour,quantite) values
	 (1741,3,4,'2025-10-17',0),
	 (1742,3,4,'2025-10-24',0),
	 (1743,3,4,'2025-10-31',0),
	 (1744,3,4,'2025-11-07',0),
	 (1745,3,4,'2025-11-14',0),
	 (1746,3,4,'2025-11-21',0),
	 (1747,3,4,'2025-11-28',0),
	 (1748,3,4,'2025-12-05',0),
	 (1749,3,4,'2025-12-12',0),
	 (1750,3,4,'2025-12-19',0),
	 (1751,1,4,'2025-01-11',1),
	 (1752,1,4,'2025-01-18',1),
	 (1753,1,4,'2025-01-25',1),
	 (1754,1,4,'2025-02-01',1),
	 (1755,1,4,'2025-02-08',1),
	 (1756,1,4,'2025-02-15',1),
	 (1757,1,4,'2025-02-22',1),
	 (1759,1,4,'2025-03-07',1),
	 (1760,1,4,'2025-03-14',1),
	 (1761,1,4,'2025-03-21',1),
	 (1762,1,4,'2025-03-28',1),
	 (1763,1,4,'2025-04-04',1),
	 (1764,1,4,'2025-04-11',1),
	 (1765,1,4,'2025-04-18',1),
	 (1766,1,4,'2025-04-25',1),
	 (1767,1,4,'2025-05-02',1),
	 (1768,1,4,'2025-05-09',1),
	 (1769,1,4,'2025-05-16',1),
	 (1770,1,4,'2025-05-23',1);
insert into plannings (planning_id,frequence_id,calendrier_id,jour,quantite) values
	 (1771,1,4,'2025-05-30',1),
	 (1772,1,4,'2025-06-06',1),
	 (1773,1,4,'2025-06-13',1),
	 (1774,1,4,'2025-06-20',1),
	 (1775,1,4,'2025-06-27',1),
	 (1776,1,4,'2025-07-04',1),
	 (1777,1,4,'2025-07-11',1),
	 (1778,1,4,'2025-07-18',1),
	 (1779,1,4,'2025-07-25',1),
	 (1780,1,4,'2025-08-01',1),
	 (1781,1,4,'2025-08-08',1),
	 (1782,1,4,'2025-08-15',1),
	 (1783,1,4,'2025-08-22',1),
	 (1784,1,4,'2025-08-29',1),
	 (1785,1,4,'2025-09-05',1),
	 (1786,1,4,'2025-09-12',1),
	 (1787,1,4,'2025-09-19',1),
	 (1788,1,4,'2025-09-26',1),
	 (1789,1,4,'2025-10-03',1),
	 (1790,1,4,'2025-10-10',1),
	 (1791,1,4,'2025-10-17',1),
	 (1792,1,4,'2025-10-24',1),
	 (1793,1,4,'2025-10-31',1),
	 (1794,1,4,'2025-11-07',1),
	 (1795,1,4,'2025-11-14',1),
	 (1796,1,4,'2025-11-21',1),
	 (1797,1,4,'2025-11-28',1),
	 (1798,1,4,'2025-12-05',1),
	 (1799,1,4,'2025-12-12',1),
	 (1800,1,4,'2025-12-19',1);

insert into paniers (jardin_id) values
(135;2,'Panier simple');

insert into abonnements (abonnement_id,adherent_id,panier_id) values
(28127,4,135)

insert into livraisons (livraison_id, jardin_id, abonnement_id) values 
(1985262,2,28127);