planning_id,frequence_id,calendrier_id,jour,quantite
1,1,1,2023-01-03,1
2,1,1,2023-01-10,1
3,1,1,2023-01-17,1
4,1,1,2023-01-24,1
5,1,1,2023-01-31,1
6,1,1,2023-02-07,1
7,1,1,2023-02-14,1
8,1,1,2023-02-21,1
9,1,1,2023-02-28,1
10,1,1,2023-03-07,1
11,1,1,2023-03-14,1
12,1,1,2023-03-21,1
13,1,1,2023-03-28,1
14,1,1,2023-04-04,1
15,1,1,2023-04-11,1
16,1,1,2023-04-18,1
17,1,1,2023-04-25,1
18,1,1,2023-05-02,1
19,1,1,2023-05-09,1
20,1,1,2023-05-16,1
21,1,1,2023-05-23,1
22,1,1,2023-05-30,1
23,1,1,2023-06-06,1
24,1,1,2023-06-13,1
25,1,1,2023-06-20,1
26,1,1,2023-06-27,1
27,1,1,2023-07-04,1
28,1,1,2023-07-11,1
29,1,1,2023-07-18,1
30,1,1,2023-07-25,1
31,1,1,2023-08-01,1
32,1,1,2023-08-08,1
33,1,1,2023-08-16,1
34,1,1,2023-08-22,1
35,1,1,2023-08-29,1
36,1,1,2023-09-05,1
37,1,1,2023-09-12,1
38,1,1,2023-09-19,1
39,1,1,2023-09-26,1
40,1,1,2023-10-03,1
41,1,1,2023-10-10,1
42,1,1,2023-10-17,1
43,1,1,2023-10-24,1
44,1,1,2023-10-31,1
45,1,1,2023-11-07,1
46,1,1,2023-11-14,1
47,1,1,2023-11-21,1
48,1,1,2023-11-28,1
49,3,1,2023-01-03,0
50,3,1,2023-01-10,0
51,3,1,2023-01-17,0
52,3,1,2023-01-24,0
53,3,1,2023-01-31,0
54,3,1,2023-02-07,0
55,3,1,2023-02-14,0
56,3,1,2023-02-21,0
57,3,1,2023-02-28,0
58,3,1,2023-03-07,0
59,3,1,2023-03-14,0
60,3,1,2023-03-21,0
61,3,1,2023-03-28,0
62,3,1,2023-04-04,0
63,3,1,2023-04-11,0
64,3,1,2023-04-18,0
65,3,1,2023-04-25,0
66,3,1,2023-05-02,0
67,3,1,2023-05-09,0
68,3,1,2023-05-16,0
69,3,1,2023-05-23,0
70,3,1,2023-05-30,0
71,3,1,2023-06-06,0
72,3,1,2023-06-13,0
73,3,1,2023-06-20,0
74,3,1,2023-06-27,0
75,3,1,2023-07-04,0
76,3,1,2023-07-11,0
77,3,1,2023-07-18,0
78,3,1,2023-07-25,0
79,3,1,2023-08-01,0
80,3,1,2023-08-08,0
81,3,1,2023-08-16,0
82,3,1,2023-08-22,0
83,3,1,2023-08-29,0
84,3,1,2023-09-05,0
85,3,1,2023-09-12,0
86,3,1,2023-09-19,0
87,3,1,2023-09-26,0
88,3,1,2023-10-03,0
89,3,1,2023-10-10,0
90,3,1,2023-10-17,0
91,3,1,2023-10-24,0
92,3,1,2023-10-31,0
93,3,1,2023-11-07,0
94,3,1,2023-11-14,0
95,3,1,2023-11-21,0
96,3,1,2023-11-28,0
97,2,1,2023-01-03,1
98,2,1,2023-01-10,0
99,2,1,2023-01-17,1
100,2,1,2023-01-24,0
101,2,1,2023-01-31,0
102,2,1,2023-02-07,1
103,2,1,2023-02-14,0
104,2,1,2023-02-21,1
105,2,1,2023-02-28,0
106,2,1,2023-03-07,1
107,2,1,2023-03-14,0
108,2,1,2023-03-21,1
109,2,1,2023-03-28,0
110,2,1,2023-04-04,1
111,2,1,2023-04-11,0
112,2,1,2023-04-18,1
113,2,1,2023-04-25,0
114,2,1,2023-05-02,1
115,2,1,2023-05-09,0
116,2,1,2023-05-16,1
117,2,1,2023-05-23,0
118,2,1,2023-05-30,0
119,2,1,2023-06-06,1
120,2,1,2023-06-13,0
121,2,1,2023-06-20,1
122,2,1,2023-06-27,0
123,2,1,2023-07-04,1
124,2,1,2023-07-11,0
125,2,1,2023-07-18,1
126,2,1,2023-07-25,0
127,2,1,2023-08-01,1
128,2,1,2023-08-08,0
129,2,1,2023-08-16,1
130,2,1,2023-08-22,0
131,2,1,2023-08-29,1
132,2,1,2023-09-05,0
133,2,1,2023-09-12,1
134,2,1,2023-09-19,0
135,2,1,2023-09-26,1
136,2,1,2023-10-03,0
137,2,1,2023-10-10,1
138,2,1,2023-10-17,0
139,2,1,2023-10-24,1
140,2,1,2023-10-31,0
141,2,1,2023-11-07,1
142,2,1,2023-11-14,0
143,2,1,2023-11-21,1
144,2,1,2023-11-28,0
145,2,1,2023-12-05,1
146,2,1,2023-12-12,1
147,1,1,2023-12-05,1
148,1,1,2023-12-12,1
149,3,1,2023-12-05,0
150,3,1,2023-12-12,0
451,1,2,2023-01-04,1
452,1,2,2023-01-11,1
453,1,2,2023-01-18,1
454,1,2,2023-01-25,1
455,1,2,2023-02-01,1
456,1,2,2023-02-08,1
457,1,2,2023-02-15,1
458,1,2,2023-02-22,1
459,1,2,2023-03-01,1
460,1,2,2023-03-08,1
461,1,2,2023-03-15,1
462,1,2,2023-03-22,1
463,1,2,2023-03-29,1
464,1,2,2023-04-05,1
465,1,2,2023-04-12,1
466,1,2,2023-04-19,1
467,1,2,2023-04-26,1
468,1,2,2023-05-03,1
469,1,2,2023-05-10,1
470,1,2,2023-05-17,1
471,1,2,2023-05-24,1
472,1,2,2023-05-31,1
473,1,2,2023-06-07,1
474,1,2,2023-06-14,1
475,1,2,2023-06-21,1
476,1,2,2023-06-28,1
477,1,2,2023-07-05,1
478,1,2,2023-07-12,1
479,1,2,2023-07-19,1
480,1,2,2023-07-26,1
481,1,2,2023-08-02,1
482,1,2,2023-08-09,1
483,1,2,2023-08-16,1
484,1,2,2023-08-23,1
485,1,2,2023-08-30,1
486,1,2,2023-09-06,1
487,1,2,2023-09-13,1
488,1,2,2023-09-20,1
489,1,2,2023-09-27,1
490,1,2,2023-10-04,1
491,1,2,2023-10-11,1
492,1,2,2023-10-18,1
493,1,2,2023-10-25,1
494,1,2,2023-10-31,1
495,1,2,2023-11-08,1
496,1,2,2023-11-15,1
497,1,2,2023-11-22,1
498,1,2,2023-11-29,1
499,1,2,2023-12-06,1
500,1,2,2023-12-13,1
501,3,2,2023-01-04,0
502,3,2,2023-01-11,0
503,3,2,2023-01-18,0
504,3,2,2023-01-25,0
505,3,2,2023-02-01,0
506,3,2,2023-02-08,0
507,3,2,2023-02-15,0
508,3,2,2023-02-22,0
509,3,2,2023-03-01,0
510,3,2,2023-03-08,0
511,3,2,2023-03-15,0
512,3,2,2023-03-22,0
513,3,2,2023-03-29,0
514,3,2,2023-04-05,0
515,3,2,2023-04-12,0
516,3,2,2023-04-19,0
517,3,2,2023-04-26,0
518,3,2,2023-05-03,0
519,3,2,2023-05-10,0
520,3,2,2023-05-17,0
521,3,2,2023-05-24,0
522,3,2,2023-05-31,0
523,3,2,2023-06-07,0
524,3,2,2023-06-14,0
525,3,2,2023-06-21,0
526,3,2,2023-06-28,0
527,3,2,2023-07-05,0
528,3,2,2023-07-12,0
529,3,2,2023-07-19,0
530,3,2,2023-07-26,0
531,3,2,2023-08-02,0
532,3,2,2023-08-09,0
533,3,2,2023-08-16,0
534,3,2,2023-08-23,0
535,3,2,2023-08-30,0
536,3,2,2023-09-06,0
537,3,2,2023-09-13,0
538,3,2,2023-09-20,0
539,3,2,2023-09-27,0
540,3,2,2023-10-04,0
541,3,2,2023-10-11,0
542,3,2,2023-10-18,0
543,3,2,2023-10-25,0
544,3,2,2023-10-31,0
545,3,2,2023-11-08,0
546,3,2,2023-11-15,0
547,3,2,2023-11-22,0
548,3,2,2023-11-29,0
549,3,2,2023-12-06,0
550,3,2,2023-12-13,0
551,2,2,2023-01-04,1
552,2,2,2023-01-11,0
553,2,2,2023-01-18,1
554,2,2,2023-01-25,0
555,2,2,2023-02-01,1
556,2,2,2023-02-08,0
557,2,2,2023-02-15,1
558,2,2,2023-02-22,0
559,2,2,2023-03-01,1
560,2,2,2023-03-08,0
561,2,2,2023-03-15,1
562,2,2,2023-03-22,0
563,2,2,2023-03-29,0
564,2,2,2023-04-05,1
565,2,2,2023-04-12,0
566,2,2,2023-04-19,1
567,2,2,2023-04-26,0
568,2,2,2023-05-03,1
569,2,2,2023-05-10,0
570,2,2,2023-05-17,1
571,2,2,2023-05-24,0
572,2,2,2023-05-31,0
573,2,2,2023-06-07,1
574,2,2,2023-06-14,0
575,2,2,2023-06-21,1
576,2,2,2023-06-28,0
577,2,2,2023-07-05,1
578,2,2,2023-07-12,0
579,2,2,2023-07-19,1
580,2,2,2023-07-26,0
581,2,2,2023-08-02,1
582,2,2,2023-08-09,0
583,2,2,2023-08-16,1
584,2,2,2023-08-23,0
585,2,2,2023-08-30,1
586,2,2,2023-09-06,0
587,2,2,2023-09-13,1
588,2,2,2023-09-20,0
589,2,2,2023-09-27,1
590,2,2,2023-10-04,0
591,2,2,2023-10-11,1
592,2,2,2023-10-18,0
593,2,2,2023-10-25,1
594,2,2,2023-10-31,0
595,2,2,2023-11-08,1
596,2,2,2023-11-15,0
597,2,2,2023-11-22,1
598,2,2,2023-11-29,0
599,2,2,2023-12-06,1
600,2,2,2023-12-13,1
601,1,3,2023-01-06,1
602,1,3,2023-01-13,1
603,1,3,2023-01-20,1
604,1,3,2023-01-27,1
605,1,3,2023-02-03,1
606,1,3,2023-02-10,1
607,1,3,2023-02-17,1
608,1,3,2023-02-24,1
609,1,3,2023-03-03,1
610,1,3,2023-03-10,1
611,1,3,2023-03-17,1
612,1,3,2023-03-24,1
613,1,3,2023-03-31,1
614,1,3,2023-04-07,1
615,1,3,2023-04-14,1
616,1,3,2023-04-21,1
617,1,3,2023-04-28,1
618,1,3,2023-05-05,1
619,1,3,2023-05-12,1
620,1,3,2023-05-19,1
621,1,3,2023-05-26,1
622,1,3,2023-06-02,1
623,1,3,2023-06-09,1
624,1,3,2023-06-16,1
625,1,3,2023-06-23,1
626,1,3,2023-06-30,1
627,1,3,2023-07-07,1
628,1,3,2023-07-13,1
629,1,3,2023-07-21,1
630,1,3,2023-07-28,1
631,1,3,2023-08-04,1
632,1,3,2023-08-11,1
633,1,3,2023-08-18,1
634,1,3,2023-08-25,1
635,1,3,2023-09-01,1
636,1,3,2023-09-08,1
637,1,3,2023-09-15,1
638,1,3,2023-09-22,1
639,1,3,2023-09-29,1
640,1,3,2023-10-06,1
641,1,3,2023-10-13,1
642,1,3,2023-10-20,1
643,1,3,2023-10-27,1
644,1,3,2023-11-03,1
645,1,3,2023-11-10,1
646,1,3,2023-11-17,1
647,1,3,2023-11-24,1
648,1,3,2023-12-01,1
649,1,3,2023-12-08,1
650,1,3,2023-12-15,1
651,3,3,2023-01-06,0
652,3,3,2023-01-13,0
653,3,3,2023-01-20,0
654,3,3,2023-01-27,0
655,3,3,2023-02-03,0
656,3,3,2023-02-10,0
657,3,3,2023-02-17,0
658,3,3,2023-02-24,0
659,3,3,2023-03-03,0
660,3,3,2023-03-10,0
661,3,3,2023-03-17,0
662,3,3,2023-03-24,0
663,3,3,2023-03-31,0
664,3,3,2023-04-07,0
665,3,3,2023-04-14,0
666,3,3,2023-04-21,0
667,3,3,2023-04-28,0
668,3,3,2023-05-05,0
669,3,3,2023-05-12,0
670,3,3,2023-05-19,0
671,3,3,2023-05-26,0
672,3,3,2023-06-02,0
673,3,3,2023-06-09,0
674,3,3,2023-06-16,0
675,3,3,2023-06-23,0
676,3,3,2023-06-30,0
677,3,3,2023-07-07,0
678,3,3,2023-07-13,0
679,3,3,2023-07-21,0
680,3,3,2023-07-28,0
681,3,3,2023-08-04,0
682,3,3,2023-08-11,0
683,3,3,2023-08-18,0
684,3,3,2023-08-25,0
685,3,3,2023-09-01,0
686,3,3,2023-09-08,0
687,3,3,2023-09-15,0
688,3,3,2023-09-22,0
689,3,3,2023-09-29,0
690,3,3,2023-10-06,0
691,3,3,2023-10-13,0
692,3,3,2023-10-20,0
693,3,3,2023-10-27,0
694,3,3,2023-11-03,0
695,3,3,2023-11-10,0
696,3,3,2023-11-17,0
697,3,3,2023-11-24,0
698,3,3,2023-12-01,0
699,3,3,2023-12-08,0
700,3,3,2023-12-15,0
701,2,3,2023-01-06,1
702,2,3,2023-01-13,0
703,2,3,2023-01-20,1
704,2,3,2023-01-27,0
705,2,3,2023-02-03,1
706,2,3,2023-02-10,0
707,2,3,2023-02-17,1
708,2,3,2023-02-24,0
709,2,3,2023-03-03,1
710,2,3,2023-03-10,0
711,2,3,2023-03-17,1
712,2,3,2023-03-24,0
713,2,3,2023-03-31,0
714,2,3,2023-04-07,1
715,2,3,2023-04-14,0
716,2,3,2023-04-21,1
717,2,3,2023-04-28,0
718,2,3,2023-05-05,1
719,2,3,2023-05-12,0
720,2,3,2023-05-19,1
721,2,3,2023-05-26,0
722,2,3,2023-06-02,1
723,2,3,2023-06-09,0
724,2,3,2023-06-16,1
725,2,3,2023-06-23,0
726,2,3,2023-06-30,1
727,2,3,2023-07-07,0
728,2,3,2023-07-13,1
729,2,3,2023-07-21,0
730,2,3,2023-07-28,1
731,2,3,2023-08-04,0
732,2,3,2023-08-11,1
733,2,3,2023-08-18,0
734,2,3,2023-08-25,1
735,2,3,2023-09-01,0
736,2,3,2023-09-08,1
737,2,3,2023-09-15,0
738,2,3,2023-09-22,1
739,2,3,2023-09-29,0
740,2,3,2023-10-06,1
741,2,3,2023-10-13,0
742,2,3,2023-10-20,1
743,2,3,2023-10-27,0
744,2,3,2023-11-03,1
745,2,3,2023-11-10,0
746,2,3,2023-11-17,1
747,2,3,2023-11-24,0
748,2,3,2023-12-01,1
749,2,3,2023-12-08,0
750,2,3,2023-12-15,1
752,1,1,2022-01-04,1
753,1,1,2022-01-11,1
754,1,1,2022-01-18,1
755,1,1,2022-01-25,1
756,1,1,2022-02-01,1
757,1,1,2022-02-08,1
758,1,1,2022-02-15,1
759,1,1,2022-02-22,1
760,1,1,2022-03-01,1
761,1,1,2022-03-08,1
762,1,1,2022-03-15,1
763,1,1,2022-03-22,1
764,1,1,2022-03-29,1
765,1,1,2022-04-05,1
766,1,1,2022-04-12,1
767,1,1,2022-04-19,1
768,1,1,2022-04-26,1
769,1,1,2022-05-03,1
770,1,1,2022-05-10,1
771,1,1,2022-05-17,1
772,1,1,2022-05-24,1
773,1,1,2022-05-31,1
774,1,1,2022-06-07,1
775,1,1,2022-06-14,1
776,1,1,2022-06-21,1
777,1,1,2022-06-28,1
778,1,1,2022-07-05,1
779,1,1,2022-07-12,1
780,1,1,2022-07-19,1
781,1,1,2022-07-26,1
782,1,1,2022-08-02,1
783,1,1,2022-08-09,1
784,1,1,2022-08-16,1
785,1,1,2022-08-23,1
786,1,1,2022-08-30,1
787,1,1,2022-09-06,1
788,1,1,2022-09-13,1
789,1,1,2022-09-20,1
790,1,1,2022-09-27,1
791,1,1,2022-10-04,1
792,1,1,2022-10-11,1
793,1,1,2022-10-18,1
794,1,1,2022-10-25,1
795,1,1,2022-10-31,1
796,1,1,2022-11-08,1
797,1,1,2022-11-15,1
798,1,1,2022-11-22,1
799,1,1,2022-11-29,1
800,1,1,2022-12-06,1
801,1,1,2022-12-13,1
802,3,1,2022-01-04,0
803,3,1,2022-01-11,0
804,3,1,2022-01-18,0
805,3,1,2022-01-25,0
806,3,1,2022-02-01,0
807,3,1,2022-02-08,0
808,3,1,2022-02-15,0
809,3,1,2022-02-22,0
810,3,1,2022-03-01,0
811,3,1,2022-03-08,0
812,3,1,2022-03-15,0
813,3,1,2022-03-22,0
814,3,1,2022-03-29,0
815,3,1,2022-04-05,0
816,3,1,2022-04-12,0
817,3,1,2022-04-19,0
818,3,1,2022-04-26,0
819,3,1,2022-05-03,0
820,3,1,2022-05-10,0
821,3,1,2022-05-17,0
822,3,1,2022-05-24,0
823,3,1,2022-05-31,0
824,3,1,2022-06-07,0
825,3,1,2022-06-14,0
826,3,1,2022-06-21,0
827,3,1,2022-06-28,0
828,3,1,2022-07-05,0
829,3,1,2022-07-12,0
830,3,1,2022-07-19,0
831,3,1,2022-07-26,0
832,3,1,2022-08-02,0
833,3,1,2022-08-09,0
834,3,1,2022-08-16,0
835,3,1,2022-08-23,0
836,3,1,2022-08-30,0
837,3,1,2022-09-06,0
838,3,1,2022-09-13,0
839,3,1,2022-09-20,0
840,3,1,2022-09-27,0
841,3,1,2022-10-04,0
842,3,1,2022-10-11,0
843,3,1,2022-10-18,0
844,3,1,2022-10-25,0
845,3,1,2022-10-31,0
846,3,1,2022-11-08,0
847,3,1,2022-11-15,0
848,3,1,2022-11-22,0
849,3,1,2022-11-29,0
850,3,1,2022-12-06,0
851,3,1,2022-12-13,0
852,2,1,2022-01-04,1
853,2,1,2022-01-11,0
854,2,1,2022-01-18,1
855,2,1,2022-01-25,0
856,2,1,2022-02-01,0
857,2,1,2022-02-08,1
858,2,1,2022-02-15,0
859,2,1,2022-02-22,1
860,2,1,2022-03-01,0
861,2,1,2022-03-08,1
862,2,1,2022-03-15,0
863,2,1,2022-03-22,1
864,2,1,2022-03-29,0
865,2,1,2022-04-05,1
866,2,1,2022-04-12,0
867,2,1,2022-04-19,1
868,2,1,2022-04-26,0
869,2,1,2022-05-03,1
870,2,1,2022-05-10,0
871,2,1,2022-05-17,1
872,2,1,2022-05-24,0
873,2,1,2022-05-31,0
874,2,1,2022-06-07,1
875,2,1,2022-06-14,0
876,2,1,2022-06-21,1
877,2,1,2022-06-28,0
878,2,1,2022-07-05,1
879,2,1,2022-07-12,0
880,2,1,2022-07-19,1
881,2,1,2022-07-26,0
882,2,1,2022-08-02,1
883,2,1,2022-08-09,0
884,2,1,2022-08-16,1
885,2,1,2022-08-23,0
886,2,1,2022-08-30,1
887,2,1,2022-09-06,0
888,2,1,2022-09-13,1
889,2,1,2022-09-20,0
890,2,1,2022-09-27,1
891,2,1,2022-10-04,0
892,2,1,2022-10-11,1
893,2,1,2022-10-18,0
894,2,1,2022-10-25,1
895,2,1,2022-10-31,0
896,2,1,2022-11-08,1
897,2,1,2022-11-15,0
898,2,1,2022-11-22,1
899,2,1,2022-11-29,0
900,2,2,2022-12-06,1
901,2,2,2022-12-13,1
902,1,2,2022-01-05,1
903,1,2,2022-01-12,1
904,1,2,2022-01-19,1
905,1,2,2022-01-26,1
906,1,2,2022-02-02,1
907,1,2,2022-02-09,1
908,1,2,2022-02-16,1
909,1,2,2022-02-23,1
910,1,2,2022-03-02,1
911,1,2,2022-03-09,1
912,1,2,2022-03-16,1
913,1,2,2022-03-23,1
914,1,2,2022-03-30,1
915,1,2,2022-04-06,1
916,1,2,2022-04-13,1
917,1,2,2022-04-20,1
918,1,2,2022-04-27,1
919,1,2,2022-05-04,1
920,1,2,2022-05-11,1
921,1,2,2022-05-18,1
922,1,2,2022-05-25,1
923,1,2,2022-06-01,1
924,1,2,2022-06-08,1
925,1,2,2022-06-15,1
926,1,2,2022-06-22,1
927,1,2,2022-06-29,1
928,1,2,2022-07-06,1
929,1,2,2022-07-13,1
930,1,2,2022-07-20,1
931,1,2,2022-07-27,1
932,1,2,2022-08-03,1
933,1,2,2022-08-10,1
934,1,2,2022-08-17,1
935,1,2,2022-08-24,1
936,1,2,2022-08-31,1
937,1,2,2022-09-07,1
938,1,2,2022-09-14,1
939,1,2,2022-09-21,1
940,1,2,2022-09-28,1
941,1,2,2022-10-05,1
942,1,2,2022-10-12,1
943,1,2,2022-10-19,1
944,1,2,2022-10-26,1
945,1,2,2022-11-02,1
946,1,2,2022-11-09,1
947,1,2,2022-11-16,1
948,1,2,2022-11-23,1
949,1,2,2022-11-30,1
950,1,2,2022-12-07,1
951,1,2,2022-12-14,1
952,3,2,2022-01-05,0
953,3,2,2022-01-12,0
954,3,2,2022-01-19,0
955,3,2,2022-01-26,0
956,3,2,2022-02-02,0
957,3,2,2022-02-09,0
958,3,2,2022-02-16,0
959,3,2,2022-02-23,0
960,3,2,2022-03-02,0
961,3,2,2022-03-09,0
962,3,2,2022-03-16,0
963,3,2,2022-03-23,0
964,3,2,2022-03-30,0
965,3,2,2022-04-06,0
966,3,2,2022-04-13,0
967,3,2,2022-04-20,0
968,3,2,2022-04-27,0
969,3,2,2022-05-04,0
970,3,2,2022-05-11,0
971,3,2,2022-05-18,0
972,3,2,2022-05-25,0
973,3,2,2022-06-01,0
974,3,2,2022-06-08,0
975,3,2,2022-06-15,0
976,3,2,2022-06-22,0
977,3,2,2022-06-29,0
978,3,2,2022-07-06,0
979,3,2,2022-07-13,0
980,3,2,2022-07-20,0
981,3,2,2022-07-27,0
982,3,2,2022-08-03,0
983,3,2,2022-08-10,0
984,3,2,2022-08-17,0
985,3,2,2022-08-24,0
986,3,2,2022-08-31,0
987,3,2,2022-09-07,0
988,3,2,2022-09-14,0
989,3,2,2022-09-21,0
990,3,2,2022-09-28,0
991,3,2,2022-10-05,0
992,3,2,2022-10-12,0
993,3,2,2022-10-19,0
994,3,2,2022-10-26,0
995,3,2,2022-11-02,0
996,3,2,2022-11-09,0
997,3,2,2022-11-16,0
998,3,2,2022-11-23,0
999,3,2,2022-11-30,0
1000,3,2,2022-12-07,0
1001,3,2,2022-12-14,0
1002,2,2,2022-01-05,1
1003,2,2,2022-01-12,0
1004,2,2,2022-01-19,1
1005,2,2,2022-01-26,0
1006,2,2,2022-02-02,0
1007,2,2,2022-02-09,1
1008,2,2,2022-02-16,0
1009,2,2,2022-02-23,1
1010,2,2,2022-03-02,0
1011,2,2,2022-03-09,1
1012,2,2,2022-03-16,0
1013,2,2,2022-03-23,1
1014,2,2,2022-03-30,0
1015,2,2,2022-04-06,1
1016,2,2,2022-04-13,0
1017,2,2,2022-04-20,1
1018,2,2,2022-04-27,0
1019,2,2,2022-05-04,1
1020,2,2,2022-05-11,0
1021,2,2,2022-05-18,1
1022,2,2,2022-05-25,0
1023,2,2,2022-06-01,0
1024,2,2,2022-06-08,1
1025,2,2,2022-06-15,0
1026,2,2,2022-06-22,1
1027,2,2,2022-06-29,0
1028,2,2,2022-07-06,1
1029,2,2,2022-07-13,0
1030,2,2,2022-07-20,1
1031,2,2,2022-07-27,0
1032,2,2,2022-08-03,1
1033,2,2,2022-08-10,0
1034,2,2,2022-08-17,1
1035,2,2,2022-08-24,0
1036,2,2,2022-08-31,1
1037,2,2,2022-09-07,0
1038,2,2,2022-09-14,1
1039,2,2,2022-09-21,0
1040,2,2,2022-09-28,1
1041,2,2,2022-10-05,0
1042,2,2,2022-10-12,1
1043,2,2,2022-10-19,0
1044,2,2,2022-10-26,1
1045,2,2,2022-11-02,0
1046,2,2,2022-11-09,1
1047,2,2,2022-11-16,0
1048,2,2,2022-11-23,1
1049,2,2,2022-11-30,0
1202,1,4,2022-01-06,1
1203,1,4,2022-01-13,1
1204,1,4,2022-01-20,1
1205,1,4,2022-01-27,1
1206,1,4,2022-02-03,1
1207,1,4,2022-02-10,1
1208,1,4,2022-02-17,1
1209,1,4,2022-02-24,1
1210,1,4,2022-03-03,1
1211,1,4,2022-03-10,1
1212,1,4,2022-03-17,1
1213,1,4,2022-03-24,1
1214,1,4,2022-03-31,1
1215,1,4,2022-04-07,1
1216,1,4,2022-04-14,1
1217,1,4,2022-04-21,1
1218,1,4,2022-04-28,1
1219,1,4,2022-05-05,1
1220,1,4,2022-05-12,1
1221,1,4,2022-05-19,1
1222,1,4,2022-05-26,1
1223,1,4,2022-06-02,1
1224,1,4,2022-06-09,1
1225,1,4,2022-06-16,1
1226,1,4,2022-06-23,1
1227,1,4,2022-06-30,1
1228,1,4,2022-07-07,1
1229,1,4,2022-07-14,1
1230,1,4,2022-07-21,1
1231,1,4,2022-07-28,1
1232,1,4,2022-08-04,1
1233,1,4,2022-08-11,1
1234,1,4,2022-08-18,1
1235,1,4,2022-08-25,1
1236,1,4,2022-09-01,1
1237,1,4,2022-09-08,1
1238,1,4,2022-09-15,1
1239,1,4,2022-09-22,1
1240,1,4,2022-09-29,1
1241,1,4,2022-10-06,1
1242,1,4,2022-10-13,1
1243,1,4,2022-10-20,1
1244,1,4,2022-10-27,1
1245,1,4,2022-11-03,1
1246,1,4,2022-11-10,1
1247,1,4,2022-11-17,1
1248,1,4,2022-11-24,1
1249,1,4,2022-12-01,1
1250,1,4,2022-12-08,1
1251,1,4,2022-12-15,1
1265,3,4,2022-01-06,0
1266,3,4,2022-01-13,0
1267,3,4,2022-01-20,0
1268,3,4,2022-01-27,0
1269,3,4,2022-02-03,0
1270,3,4,2022-02-10,0
1271,3,4,2022-02-17,0
1272,3,4,2022-02-24,0
1273,3,4,2022-03-03,0
1274,3,4,2022-03-10,0
1275,3,4,2022-03-17,0
1276,3,4,2022-03-24,0
1277,3,4,2022-03-31,0
1278,3,4,2022-04-07,0
1279,3,4,2022-04-14,0
1280,3,4,2022-04-21,0
1281,3,4,2022-04-28,0
1282,3,4,2022-05-05,0
1283,3,4,2022-05-12,0
1284,3,4,2022-05-19,0
1285,3,4,2022-05-26,0
1286,3,4,2022-06-02,0
1287,3,4,2022-06-09,0
1288,3,4,2022-06-16,0
1289,3,4,2022-06-23,0
1290,3,4,2022-06-30,0
1291,3,4,2022-07-07,0
1292,3,4,2022-07-14,0
1293,3,4,2022-07-21,0
1294,3,4,2022-07-28,0
1295,3,4,2022-08-04,0
1296,3,4,2022-08-11,0
1297,3,4,2022-08-18,0
1298,3,4,2022-08-25,0
1299,3,4,2022-09-01,0
1300,3,4,2022-09-08,0
1301,3,4,2022-09-15,0
1302,3,4,2022-09-22,0
1303,3,4,2022-09-29,0
1304,3,4,2022-10-06,0
1305,3,4,2022-10-13,0
1306,3,4,2022-10-20,0
1307,3,4,2022-10-27,0
1308,3,4,2022-11-03,0
1309,3,4,2022-11-10,0
1310,3,4,2022-11-17,0
1311,3,4,2022-11-24,0
1312,3,4,2022-12-01,0
1313,3,4,2022-12-08,0
1314,3,4,2022-12-15,0
1328,2,4,2022-01-06,0
1329,2,4,2022-01-13,1
1330,2,4,2022-01-20,0
1331,2,4,2022-01-27,1
1332,2,4,2022-02-03,0
1333,2,4,2022-02-10,1
1334,2,4,2022-02-17,0
1335,2,4,2022-02-24,1
1336,2,4,2022-03-03,0
1337,2,4,2022-03-10,1
1338,2,4,2022-03-17,0
1339,2,4,2022-03-24,1
1340,2,4,2022-03-31,0
1341,2,4,2022-04-07,1
1342,2,4,2022-04-14,0
1343,2,4,2022-04-21,1
1344,2,4,2022-04-28,0
1345,2,4,2022-05-05,1
1346,2,4,2022-05-12,0
1347,2,4,2022-05-19,1
1348,2,4,2022-05-26,0
1349,2,4,2022-06-02,1
1350,2,4,2022-06-09,0
1351,2,4,2022-06-16,1
1352,2,4,2022-06-23,0
1353,2,4,2022-06-30,1
1354,2,4,2022-07-07,0
1355,2,4,2022-07-14,1
1356,2,4,2022-07-21,0
1357,2,4,2022-07-28,1
1358,2,4,2022-08-04,0
1359,2,4,2022-08-11,1
1360,2,4,2022-08-18,0
1361,2,4,2022-08-25,1
1362,2,4,2022-09-01,0
1363,2,4,2022-09-08,1
1364,2,4,2022-09-15,0
1365,2,4,2022-09-22,1
1366,2,4,2022-09-29,0
1367,2,4,2022-10-06,1
1368,2,4,2022-10-13,0
1369,2,4,2022-10-20,1
1370,2,4,2022-10-27,0
1371,2,4,2022-11-03,1
1372,2,4,2022-11-10,0
1373,2,4,2022-11-17,1
1374,2,4,2022-11-24,0
1375,2,4,2022-12-01,1
1376,2,4,2022-12-08,0
1377,2,4,2022-12-15,1
1391,2,4,2023-01-05,0
1392,2,4,2023-01-12,1
1393,2,4,2023-01-19,0
1394,2,4,2023-01-26,1
1395,2,4,2023-02-02,0
1396,2,4,2023-02-09,1
1397,2,4,2023-02-16,0
1398,2,4,2023-02-23,1
1399,2,4,2023-03-02,0
1400,2,4,2023-03-09,1
1401,2,4,2023-03-16,0
1402,2,4,2023-03-23,1
1403,2,4,2023-03-30,0
1404,2,4,2023-04-06,1
1405,2,4,2023-04-13,0
1406,2,4,2023-04-20,1
1407,2,4,2023-04-27,0
1408,2,4,2023-05-04,1
1409,2,4,2023-05-11,0
1410,2,4,2023-05-18,1
1411,2,4,2023-05-25,0
1412,2,4,2023-06-01,1
1413,2,4,2023-06-08,0
1414,2,4,2023-06-15,1
1415,2,4,2023-06-22,0
1416,2,4,2023-06-29,1
1417,2,4,2023-07-06,0
1418,2,4,2023-07-13,1
1419,2,4,2023-07-20,0
1420,2,4,2023-07-27,1
1421,2,4,2023-08-03,0
1422,2,4,2023-08-10,1
1423,2,4,2023-08-17,0
1424,2,4,2023-08-24,1
1425,2,4,2023-08-31,0
1426,2,4,2023-09-07,1
1427,2,4,2023-09-14,0
1428,2,4,2023-09-21,1
1429,2,4,2023-09-28,0
1430,2,4,2023-10-05,1
1431,2,4,2023-10-12,0
1432,2,4,2023-10-19,1
1433,2,4,2023-10-26,0
1434,2,4,2023-11-02,1
1435,2,4,2023-11-09,0
1436,2,4,2023-11-16,1
1437,2,4,2023-11-23,0
1438,2,4,2023-11-30,1
1439,2,4,2023-12-07,0
1440,2,4,2023-12-14,1
1454,3,4,2023-01-05,0
1455,3,4,2023-01-12,0
1456,3,4,2023-01-19,0
1457,3,4,2023-01-26,0
1458,3,4,2023-02-02,0
1459,3,4,2023-02-09,0
1460,3,4,2023-02-16,0
1461,3,4,2023-02-23,0
1462,3,4,2023-03-02,0
1463,3,4,2023-03-09,0
1464,3,4,2023-03-16,0
1465,3,4,2023-03-23,0
1466,3,4,2023-03-30,0
1467,3,4,2023-04-06,0
1468,3,4,2023-04-13,0
1469,3,4,2023-04-20,0
1470,3,4,2023-04-27,0
1471,3,4,2023-05-04,0
1472,3,4,2023-05-11,0
1473,3,4,2023-05-18,0
1474,3,4,2023-05-25,0
1475,3,4,2023-06-01,0
1476,3,4,2023-06-08,0
1477,3,4,2023-06-15,0
1478,3,4,2023-06-22,0
1479,3,4,2023-06-29,0
1480,3,4,2023-07-06,0
1481,3,4,2023-07-13,0
1482,3,4,2023-07-20,0
1483,3,4,2023-07-27,0
1484,3,4,2023-08-03,0
1485,3,4,2023-08-10,0
1486,3,4,2023-08-17,0
1487,3,4,2023-08-24,0
1488,3,4,2023-08-31,0
1489,3,4,2023-09-07,0
1490,3,4,2023-09-14,0
1491,3,4,2023-09-21,0
1492,3,4,2023-09-28,0
1493,3,4,2023-10-05,0
1494,3,4,2023-10-12,0
1495,3,4,2023-10-19,0
1496,3,4,2023-10-26,0
1497,3,4,2023-11-02,0
1498,3,4,2023-11-09,0
1499,3,4,2023-11-16,0
1500,3,4,2023-11-23,0
1501,3,4,2023-11-30,0
1502,3,4,2023-12-07,0
1503,3,4,2023-12-14,0
1517,1,4,2023-01-05,1
1518,1,4,2023-01-12,1
1519,1,4,2023-01-19,1
1520,1,4,2023-01-26,1
1521,1,4,2023-02-02,1
1522,1,4,2023-02-09,1
1523,1,4,2023-02-16,1
1524,1,4,2023-02-23,1
1525,1,4,2023-03-02,1
1526,1,4,2023-03-09,1
1527,1,4,2023-03-16,1
1528,1,4,2023-03-23,1
1529,1,4,2023-03-30,1
1530,1,4,2023-04-06,1
1531,1,4,2023-04-13,1
1532,1,4,2023-04-20,1
1533,1,4,2023-04-27,1
1534,1,4,2023-05-04,1
1535,1,4,2023-05-11,1
1536,1,4,2023-05-18,1
1537,1,4,2023-05-25,1
1538,1,4,2023-06-01,1
1539,1,4,2023-06-08,1
1540,1,4,2023-06-15,1
1541,1,4,2023-06-22,1
1542,1,4,2023-06-29,1
1543,1,4,2023-07-06,1
1544,1,4,2023-07-13,1
1545,1,4,2023-07-20,1
1546,1,4,2023-07-27,1
1547,1,4,2023-08-03,1
1548,1,4,2023-08-10,1
1549,1,4,2023-08-17,1
1550,1,4,2023-08-24,1
1551,1,4,2023-08-31,1
1552,1,4,2023-09-07,1
1553,1,4,2023-09-14,1
1554,1,4,2023-09-21,1
1555,1,4,2023-09-28,1
1556,1,4,2023-10-05,1
1557,1,4,2023-10-12,1
1558,1,4,2023-10-19,1
1559,1,4,2023-10-26,1
1560,1,4,2023-11-02,1
1561,1,4,2023-11-09,1
1562,1,4,2023-11-16,1
1563,1,4,2023-11-23,1
1564,1,4,2023-11-30,1
1565,1,4,2023-12-07,1
1566,1,4,2023-12-14,1
1580,2,1,2022-12-06,0
1581,2,1,2022-12-13,0
1582,1,3,2022-01-07,1
1583,1,3,2022-01-14,1
1584,1,3,2022-01-21,1
1585,1,3,2022-01-28,1
1586,1,3,2022-02-04,1
1587,1,3,2022-02-11,1
1588,1,3,2022-02-18,1
1589,1,3,2022-02-25,1
1590,1,3,2022-03-04,1
1591,1,3,2022-03-11,1
1592,1,3,2022-03-18,1
1593,1,3,2022-03-25,1
1594,1,3,2022-04-01,1
1595,1,3,2022-04-08,1
1596,1,3,2022-04-15,1
1597,1,3,2022-04-22,1
1598,1,3,2022-04-29,1
1599,1,3,2022-05-06,1
1600,1,3,2022-05-13,1
1601,1,3,2022-05-20,1
1602,1,3,2022-05-27,1
1603,1,3,2022-06-03,1
1604,1,3,2022-06-10,1
1605,1,3,2022-06-17,1
1606,1,3,2022-06-24,1
1607,1,3,2022-07-01,1
1608,1,3,2022-07-08,1
1609,1,3,2022-07-15,1
1610,1,3,2022-07-22,1
1611,1,3,2022-07-29,1
1612,1,3,2022-08-05,1
1613,1,3,2022-08-12,1
1614,1,3,2022-08-19,1
1615,1,3,2022-08-26,1
1616,1,3,2022-09-02,1
1617,1,3,2022-09-09,1
1618,1,3,2022-09-16,1
1619,1,3,2022-09-23,1
1620,1,3,2022-09-30,1
1621,1,3,2022-10-07,1
1622,1,3,2022-10-14,1
1623,1,3,2022-10-21,1
1624,1,3,2022-10-28,1
1625,1,3,2022-11-04,1
1626,1,3,2022-11-11,1
1627,1,3,2022-11-18,1
1628,1,3,2022-11-25,1
1629,1,3,2022-12-02,1
1630,1,3,2022-12-09,1
1631,1,3,2022-12-16,1
1645,3,3,2022-01-07,0
1646,3,3,2022-01-14,0
1647,3,3,2022-01-21,0
1648,3,3,2022-01-28,0
1649,3,3,2022-02-04,0
1650,3,3,2022-02-11,0
1651,3,3,2022-02-18,0
1652,3,3,2022-02-25,0
1653,3,3,2022-03-04,0
1654,3,3,2022-03-11,0
1655,3,3,2022-03-18,0
1656,3,3,2022-03-25,0
1657,3,3,2022-04-01,0
1658,3,3,2022-04-08,0
1659,3,3,2022-04-15,0
1660,3,3,2022-04-22,0
1661,3,3,2022-04-29,0
1662,3,3,2022-05-06,0
1663,3,3,2022-05-13,0
1664,3,3,2022-05-20,0
1665,3,3,2022-05-27,0
1666,3,3,2022-06-03,0
1667,3,3,2022-06-10,0
1668,3,3,2022-06-17,0
1669,3,3,2022-06-24,0
1670,3,3,2022-07-01,0
1671,3,3,2022-07-08,0
1672,3,3,2022-07-15,0
1673,3,3,2022-07-22,0
1674,3,3,2022-07-29,0
1675,3,3,2022-08-05,0
1676,3,3,2022-08-12,0
1677,3,3,2022-08-19,0
1678,3,3,2022-08-26,0
1679,3,3,2022-09-02,0
1680,3,3,2022-09-09,0
1681,3,3,2022-09-16,0
1682,3,3,2022-09-23,0
1683,3,3,2022-09-30,0
1684,3,3,2022-10-07,0
1685,3,3,2022-10-14,0
1686,3,3,2022-10-21,0
1687,3,3,2022-10-28,0
1688,3,3,2022-11-04,0
1689,3,3,2022-11-11,0
1690,3,3,2022-11-18,0
1691,3,3,2022-11-25,0
1692,3,3,2022-12-02,0
1693,3,3,2022-12-09,0
1694,3,3,2022-12-16,0
1708,2,3,2022-01-07,0
1709,2,3,2022-01-14,1
1710,2,3,2022-01-21,0
1711,2,3,2022-01-28,1
1712,2,3,2022-02-04,0
1713,2,3,2022-02-11,1
1714,2,3,2022-02-18,0
1715,2,3,2022-02-25,1
1716,2,3,2022-03-04,0
1717,2,3,2022-03-11,1
1718,2,3,2022-03-18,0
1719,2,3,2022-03-25,1
1720,2,3,2022-04-01,0
1721,2,3,2022-04-08,1
1722,2,3,2022-04-15,0
1723,2,3,2022-04-22,1
1724,2,3,2022-04-29,0
1725,2,3,2022-05-06,1
1726,2,3,2022-05-13,0
1727,2,3,2022-05-20,1
1728,2,3,2022-05-27,0
1729,2,3,2022-06-03,1
1730,2,3,2022-06-10,0
1731,2,3,2022-06-17,1
1732,2,3,2022-06-24,0
1733,2,3,2022-07-01,1
1734,2,3,2022-07-08,0
1735,2,3,2022-07-15,1
1736,2,3,2022-07-22,0
1737,2,3,2022-07-29,1
1738,2,3,2022-08-05,0
1739,2,3,2022-08-12,1
1740,2,3,2022-08-19,0
1741,2,3,2022-08-26,1
1742,2,3,2022-09-02,0
1743,2,3,2022-09-09,1
1744,2,3,2022-09-16,0
1745,2,3,2022-09-23,1
1746,2,3,2022-09-30,0
1747,2,3,2022-10-07,1
1748,2,3,2022-10-14,0
1749,2,3,2022-10-21,1
1750,2,3,2022-10-28,0
1751,2,3,2022-11-04,1
1752,2,3,2022-11-11,0
1753,2,3,2022-11-18,1
1754,2,3,2022-11-25,0
1755,2,3,2022-12-02,1
1756,2,3,2022-12-09,0
1757,2,3,2022-12-16,1
